﻿--
-- Script was generated by Devart dbForge Data Generator for SQL Server, Version 4.2.76.0
-- Product Home Page: http://www.devart.com/dbforge/sql/data-generator/
-- Script date 16.03.2020 14:52:06
-- Target server version: 12.0.2269.0
-- Target connection string: Data Source=KOTEUKA;Encrypt=False;Integrated Security=True;User ID=KOTEUKA\Koteuko
--



SET LANGUAGE 'Russian'
SET DATEFORMAT ymd
SET ARITHABORT, ANSI_PADDING, ANSI_WARNINGS, CONCAT_NULL_YIELDS_NULL, QUOTED_IDENTIFIER, ANSI_NULLS, NOCOUNT ON
SET NUMERIC_ROUNDABORT, IMPLICIT_TRANSACTIONS, XACT_ABORT OFF
GO

--
-- Backing up database Estate_Agency
--
--
-- Create backup folder
--
IF OBJECT_ID('xp_create_subdir') IS NOT NULL
  EXEC xp_create_subdir N'C:\Program Files\Microsoft SQL Server\MSSQL12.MSSQLSERVER\MSSQL\Backup'
--
-- Backup database to the file with the name: <database_name>_<yyyy>_<mm>_<dd>_<hh>_<mi>.bak
--
DECLARE @db_name SYSNAME
SET @db_name = N'Estate_Agency'

DECLARE @filepath NVARCHAR(4000)
SET @filepath =
/*define base part*/ N'C:\Program Files\Microsoft SQL Server\MSSQL12.MSSQLSERVER\MSSQL\Backup\' + @db_name + '_' +
/*append date*/ REPLACE(CONVERT(NVARCHAR(10), GETDATE(), 102), '.', '_') + '_' +
/*append time*/ REPLACE(CONVERT(NVARCHAR(5), GETDATE(), 108), ':', '_') + '.bak'

DECLARE @SQL NVARCHAR(MAX)
SET @SQL = 
    N'BACKUP DATABASE ' + QUOTENAME(@db_name) + ' TO DISK = @filepath WITH INIT' + 
      CASE WHEN EXISTS(
                SELECT value
                FROM sys.configurations
                WHERE name = 'backup compression default'
          )
        THEN ', COMPRESSION'
        ELSE ''
      END

EXEC sys.sp_executesql @SQL, N'@filepath NVARCHAR(4000)', @filepath = @filepath
GO

USE Estate_Agency
GO

IF DB_NAME() <> N'Estate_Agency' SET NOEXEC ON
GO
--
-- Delete data from the table 'dbo.Flat_contract'
--
TRUNCATE TABLE dbo.Flat_contract
GO
--
-- Delete data from the table 'dbo.Cottage_contract'
--
TRUNCATE TABLE dbo.Cottage_contract
GO
--
-- Delete data from the table 'dbo.Flat'
--
DELETE dbo.Flat
GO
--
-- Delete data from the table 'dbo.Cottage'
--
DELETE dbo.Cottage
GO
--
-- Delete data from the table 'dbo.Contract_'
--
DELETE dbo.Contract_
GO
--
-- Delete data from the table 'dbo.House'
--
DELETE dbo.House
GO
--
-- Delete data from the table 'dbo.Street'
--
DELETE dbo.Street
GO
--
-- Delete data from the table 'dbo.Customer'
--
DELETE dbo.Customer
GO
--
-- Delete data from the table 'dbo.Realtor'
--
DELETE dbo.Realtor
GO
--
-- Delete data from the table 'dbo.Owner_'
--
DELETE dbo.Owner_
GO
--
-- Delete data from the table 'dbo.City'
--
DELETE dbo.City
GO

--
-- Inserting data into table dbo.City
--
SET IDENTITY_INSERT dbo.City ON
GO
INSERT dbo.City(id_city, city_name) VALUES (1, 'Boca Raton')
INSERT dbo.City(id_city, city_name) VALUES (2, 'University Place')
INSERT dbo.City(id_city, city_name) VALUES (3, 'North Royalton')
INSERT dbo.City(id_city, city_name) VALUES (4, 'Atlantic')
INSERT dbo.City(id_city, city_name) VALUES (5, 'Marquette')
GO
SET IDENTITY_INSERT dbo.City OFF
GO

--
-- Inserting data into table dbo.Owner_
--
SET IDENTITY_INSERT dbo.Owner_ ON
GO
INSERT dbo.Owner_(id_owner, owner_name) VALUES (1, 'Kory Burton')
INSERT dbo.Owner_(id_owner, owner_name) VALUES (2, 'Nedra Lewis')
INSERT dbo.Owner_(id_owner, owner_name) VALUES (3, 'Sade Tapia')
INSERT dbo.Owner_(id_owner, owner_name) VALUES (4, 'Addie Ferguson')
INSERT dbo.Owner_(id_owner, owner_name) VALUES (5, 'Christel Abney')
INSERT dbo.Owner_(id_owner, owner_name) VALUES (6, 'Barry Golden')
INSERT dbo.Owner_(id_owner, owner_name) VALUES (7, 'Alethea Ma')
INSERT dbo.Owner_(id_owner, owner_name) VALUES (8, 'Paul Summers')
INSERT dbo.Owner_(id_owner, owner_name) VALUES (9, 'Lesley Durden')
INSERT dbo.Owner_(id_owner, owner_name) VALUES (10, 'Ashlyn Palma')
INSERT dbo.Owner_(id_owner, owner_name) VALUES (11, 'Deon Castle')
INSERT dbo.Owner_(id_owner, owner_name) VALUES (12, 'Abel Eddy')
INSERT dbo.Owner_(id_owner, owner_name) VALUES (13, 'Manie Wahl')
INSERT dbo.Owner_(id_owner, owner_name) VALUES (14, 'Kristel Duncan')
INSERT dbo.Owner_(id_owner, owner_name) VALUES (15, 'Bernardine Edmonds')
INSERT dbo.Owner_(id_owner, owner_name) VALUES (16, 'Abram Waller')
INSERT dbo.Owner_(id_owner, owner_name) VALUES (17, 'Aubrey Abernathy')
INSERT dbo.Owner_(id_owner, owner_name) VALUES (18, 'Ian Link')
INSERT dbo.Owner_(id_owner, owner_name) VALUES (19, 'Danille Willey')
INSERT dbo.Owner_(id_owner, owner_name) VALUES (20, 'Hugh Rubio')
INSERT dbo.Owner_(id_owner, owner_name) VALUES (21, 'Amanda Hawk')
INSERT dbo.Owner_(id_owner, owner_name) VALUES (22, 'Dave Alston')
INSERT dbo.Owner_(id_owner, owner_name) VALUES (23, 'Junko Godwin')
INSERT dbo.Owner_(id_owner, owner_name) VALUES (24, 'Shantelle Abel')
INSERT dbo.Owner_(id_owner, owner_name) VALUES (25, 'Janette Turner')
INSERT dbo.Owner_(id_owner, owner_name) VALUES (26, 'Samuel Anders')
INSERT dbo.Owner_(id_owner, owner_name) VALUES (27, 'Narcisa Guillory')
INSERT dbo.Owner_(id_owner, owner_name) VALUES (28, 'Neal Burris')
INSERT dbo.Owner_(id_owner, owner_name) VALUES (29, 'Edwina Bellamy')
INSERT dbo.Owner_(id_owner, owner_name) VALUES (30, 'Florence Ackerman')
INSERT dbo.Owner_(id_owner, owner_name) VALUES (31, 'Alphonso Wyatt')
INSERT dbo.Owner_(id_owner, owner_name) VALUES (32, 'Adam Cohen')
INSERT dbo.Owner_(id_owner, owner_name) VALUES (33, 'Harland Furr')
INSERT dbo.Owner_(id_owner, owner_name) VALUES (34, 'Corey Jolley')
INSERT dbo.Owner_(id_owner, owner_name) VALUES (35, 'Lelia Valencia')
INSERT dbo.Owner_(id_owner, owner_name) VALUES (36, 'Seymour Addison')
INSERT dbo.Owner_(id_owner, owner_name) VALUES (37, 'Kelsi Freitas')
INSERT dbo.Owner_(id_owner, owner_name) VALUES (38, 'Alejandro Rawls')
INSERT dbo.Owner_(id_owner, owner_name) VALUES (39, 'Bernie Chun')
INSERT dbo.Owner_(id_owner, owner_name) VALUES (40, 'Issac Beers')
INSERT dbo.Owner_(id_owner, owner_name) VALUES (41, 'Antone Maclean')
INSERT dbo.Owner_(id_owner, owner_name) VALUES (42, 'Karyl Adame')
INSERT dbo.Owner_(id_owner, owner_name) VALUES (43, 'Doug Pollard')
INSERT dbo.Owner_(id_owner, owner_name) VALUES (44, 'Garry Mahan')
INSERT dbo.Owner_(id_owner, owner_name) VALUES (45, 'Beula Creech')
INSERT dbo.Owner_(id_owner, owner_name) VALUES (46, 'Kimberely Wilde')
INSERT dbo.Owner_(id_owner, owner_name) VALUES (47, 'Betsy Abney')
INSERT dbo.Owner_(id_owner, owner_name) VALUES (48, 'Aida Batson')
INSERT dbo.Owner_(id_owner, owner_name) VALUES (49, 'Leandro Amato')
INSERT dbo.Owner_(id_owner, owner_name) VALUES (50, 'Taisha Brower')
GO
SET IDENTITY_INSERT dbo.Owner_ OFF
GO

--
-- Inserting data into table dbo.Realtor
--
SET IDENTITY_INSERT dbo.Realtor ON
GO
INSERT dbo.Realtor(id_realtor, realtor_name) VALUES (1, 'Deeanna Abreu')
INSERT dbo.Realtor(id_realtor, realtor_name) VALUES (2, 'Logan Acevedo')
INSERT dbo.Realtor(id_realtor, realtor_name) VALUES (3, 'Adolfo Engle')
INSERT dbo.Realtor(id_realtor, realtor_name) VALUES (4, 'Marlene Krieger')
INSERT dbo.Realtor(id_realtor, realtor_name) VALUES (5, 'Sharika Acker')
INSERT dbo.Realtor(id_realtor, realtor_name) VALUES (6, 'Lenita Francisco')
INSERT dbo.Realtor(id_realtor, realtor_name) VALUES (7, 'Jonah Miller')
INSERT dbo.Realtor(id_realtor, realtor_name) VALUES (8, 'Antonio Leung')
INSERT dbo.Realtor(id_realtor, realtor_name) VALUES (9, 'Farah Batista')
INSERT dbo.Realtor(id_realtor, realtor_name) VALUES (10, 'Adan Copeland')
INSERT dbo.Realtor(id_realtor, realtor_name) VALUES (11, 'Lavone Peak')
INSERT dbo.Realtor(id_realtor, realtor_name) VALUES (12, 'Willow Saucedo')
INSERT dbo.Realtor(id_realtor, realtor_name) VALUES (13, 'Riley Negrete')
INSERT dbo.Realtor(id_realtor, realtor_name) VALUES (14, 'Lily Long')
INSERT dbo.Realtor(id_realtor, realtor_name) VALUES (15, 'Rosalina Wenger')
INSERT dbo.Realtor(id_realtor, realtor_name) VALUES (16, 'Bertram Cartwright')
INSERT dbo.Realtor(id_realtor, realtor_name) VALUES (17, 'Abigail Trejo')
INSERT dbo.Realtor(id_realtor, realtor_name) VALUES (18, 'Sidney Acker')
INSERT dbo.Realtor(id_realtor, realtor_name) VALUES (19, 'Joaquin Collazo')
INSERT dbo.Realtor(id_realtor, realtor_name) VALUES (20, 'Roman Allison')
INSERT dbo.Realtor(id_realtor, realtor_name) VALUES (21, 'Juan Merchant')
INSERT dbo.Realtor(id_realtor, realtor_name) VALUES (22, 'Nick Matney')
INSERT dbo.Realtor(id_realtor, realtor_name) VALUES (23, 'Millard Stapleton')
INSERT dbo.Realtor(id_realtor, realtor_name) VALUES (24, 'Leif Schindler')
INSERT dbo.Realtor(id_realtor, realtor_name) VALUES (25, 'Lazaro Gardiner')
INSERT dbo.Realtor(id_realtor, realtor_name) VALUES (26, 'Marquis Crocker')
INSERT dbo.Realtor(id_realtor, realtor_name) VALUES (27, 'Adalberto Amaya')
INSERT dbo.Realtor(id_realtor, realtor_name) VALUES (28, 'Ernestine Whalen')
INSERT dbo.Realtor(id_realtor, realtor_name) VALUES (29, 'Orville Tripp')
INSERT dbo.Realtor(id_realtor, realtor_name) VALUES (30, 'Adrienne Worthington')
INSERT dbo.Realtor(id_realtor, realtor_name) VALUES (31, 'Alisa Cowart')
INSERT dbo.Realtor(id_realtor, realtor_name) VALUES (32, 'Phoebe Lacroix')
INSERT dbo.Realtor(id_realtor, realtor_name) VALUES (33, 'Adela Geary')
INSERT dbo.Realtor(id_realtor, realtor_name) VALUES (34, 'Annett Abraham')
INSERT dbo.Realtor(id_realtor, realtor_name) VALUES (35, 'Shon Vanover')
INSERT dbo.Realtor(id_realtor, realtor_name) VALUES (36, 'Gertrudis Box')
INSERT dbo.Realtor(id_realtor, realtor_name) VALUES (37, 'Precious Abney')
INSERT dbo.Realtor(id_realtor, realtor_name) VALUES (38, 'Victorina Ontiveros')
INSERT dbo.Realtor(id_realtor, realtor_name) VALUES (39, 'Astrid Alger')
INSERT dbo.Realtor(id_realtor, realtor_name) VALUES (40, 'Rosalia Barone')
INSERT dbo.Realtor(id_realtor, realtor_name) VALUES (41, 'Abe Blanton')
INSERT dbo.Realtor(id_realtor, realtor_name) VALUES (42, 'Janelle Edmondson')
INSERT dbo.Realtor(id_realtor, realtor_name) VALUES (43, 'Joesph Tamayo')
INSERT dbo.Realtor(id_realtor, realtor_name) VALUES (44, 'Lanelle Baca')
INSERT dbo.Realtor(id_realtor, realtor_name) VALUES (45, 'Jarod Wiles')
INSERT dbo.Realtor(id_realtor, realtor_name) VALUES (46, 'Alden Regalado')
INSERT dbo.Realtor(id_realtor, realtor_name) VALUES (47, 'Kendrick Abreu')
INSERT dbo.Realtor(id_realtor, realtor_name) VALUES (48, 'Damon Toth')
INSERT dbo.Realtor(id_realtor, realtor_name) VALUES (49, 'Ina Jacobson')
INSERT dbo.Realtor(id_realtor, realtor_name) VALUES (50, 'Dakota Wills')
GO
SET IDENTITY_INSERT dbo.Realtor OFF
GO

--
-- Inserting data into table dbo.Customer
--
SET IDENTITY_INSERT dbo.Customer ON
GO
INSERT dbo.Customer(id_customer, customer_name, id_city_of_residence) VALUES (1, 'Gale Elliott', 5)
INSERT dbo.Customer(id_customer, customer_name, id_city_of_residence) VALUES (2, 'Damien Gibbs', 5)
INSERT dbo.Customer(id_customer, customer_name, id_city_of_residence) VALUES (3, 'Kareem Culver', 1)
INSERT dbo.Customer(id_customer, customer_name, id_city_of_residence) VALUES (4, 'Houston Contreras', 3)
INSERT dbo.Customer(id_customer, customer_name, id_city_of_residence) VALUES (5, 'Alonzo Calvin', 5)
INSERT dbo.Customer(id_customer, customer_name, id_city_of_residence) VALUES (6, 'Trudie Abney', 5)
INSERT dbo.Customer(id_customer, customer_name, id_city_of_residence) VALUES (7, 'Alane Patrick', 2)
INSERT dbo.Customer(id_customer, customer_name, id_city_of_residence) VALUES (8, 'Berry Pedersen', 5)
INSERT dbo.Customer(id_customer, customer_name, id_city_of_residence) VALUES (9, 'Maria Abney', 4)
INSERT dbo.Customer(id_customer, customer_name, id_city_of_residence) VALUES (10, 'Joette Valdez', 4)
INSERT dbo.Customer(id_customer, customer_name, id_city_of_residence) VALUES (11, 'Adah Ambrose', 1)
INSERT dbo.Customer(id_customer, customer_name, id_city_of_residence) VALUES (12, 'Thresa Park', 1)
INSERT dbo.Customer(id_customer, customer_name, id_city_of_residence) VALUES (13, 'Bryant Blanchard', 3)
INSERT dbo.Customer(id_customer, customer_name, id_city_of_residence) VALUES (14, 'Alexis Mallory', 1)
INSERT dbo.Customer(id_customer, customer_name, id_city_of_residence) VALUES (15, 'Alida Dover', 1)
INSERT dbo.Customer(id_customer, customer_name, id_city_of_residence) VALUES (16, 'Alane Alves', 1)
INSERT dbo.Customer(id_customer, customer_name, id_city_of_residence) VALUES (17, 'Steven Lombard', 1)
INSERT dbo.Customer(id_customer, customer_name, id_city_of_residence) VALUES (18, 'Amina Hickman', 2)
INSERT dbo.Customer(id_customer, customer_name, id_city_of_residence) VALUES (19, 'Moises Kellogg', 5)
INSERT dbo.Customer(id_customer, customer_name, id_city_of_residence) VALUES (20, 'Orlando Rich', 2)
INSERT dbo.Customer(id_customer, customer_name, id_city_of_residence) VALUES (21, 'Lakenya Godfrey', 3)
INSERT dbo.Customer(id_customer, customer_name, id_city_of_residence) VALUES (22, 'Norma Forrester', 1)
INSERT dbo.Customer(id_customer, customer_name, id_city_of_residence) VALUES (23, 'Edmond Pollock', 3)
INSERT dbo.Customer(id_customer, customer_name, id_city_of_residence) VALUES (24, 'Roderick Mims', 4)
INSERT dbo.Customer(id_customer, customer_name, id_city_of_residence) VALUES (25, 'Foster Cantwell', 2)
INSERT dbo.Customer(id_customer, customer_name, id_city_of_residence) VALUES (26, 'Cletus Rosado', 4)
INSERT dbo.Customer(id_customer, customer_name, id_city_of_residence) VALUES (27, 'Alina Buckner', 4)
INSERT dbo.Customer(id_customer, customer_name, id_city_of_residence) VALUES (28, 'Eusebio Truong', 1)
INSERT dbo.Customer(id_customer, customer_name, id_city_of_residence) VALUES (29, 'Gay Maples', 4)
INSERT dbo.Customer(id_customer, customer_name, id_city_of_residence) VALUES (30, 'Verena Allred', 2)
INSERT dbo.Customer(id_customer, customer_name, id_city_of_residence) VALUES (31, 'Shaina Crouse', 5)
INSERT dbo.Customer(id_customer, customer_name, id_city_of_residence) VALUES (32, 'Mirtha Mcginnis', 1)
INSERT dbo.Customer(id_customer, customer_name, id_city_of_residence) VALUES (33, 'Fermin Amaya', 1)
INSERT dbo.Customer(id_customer, customer_name, id_city_of_residence) VALUES (34, 'Adaline Alston', 4)
INSERT dbo.Customer(id_customer, customer_name, id_city_of_residence) VALUES (35, 'Andy Cowart', 2)
INSERT dbo.Customer(id_customer, customer_name, id_city_of_residence) VALUES (36, 'Jarrod Abraham', 2)
INSERT dbo.Customer(id_customer, customer_name, id_city_of_residence) VALUES (37, 'Benita Morin', 1)
INSERT dbo.Customer(id_customer, customer_name, id_city_of_residence) VALUES (38, 'Gerald Kinder', 3)
INSERT dbo.Customer(id_customer, customer_name, id_city_of_residence) VALUES (39, 'Cynthia Butterfield', 4)
INSERT dbo.Customer(id_customer, customer_name, id_city_of_residence) VALUES (40, 'Dexter Burt', 5)
INSERT dbo.Customer(id_customer, customer_name, id_city_of_residence) VALUES (41, 'Gregory Dodge', 4)
INSERT dbo.Customer(id_customer, customer_name, id_city_of_residence) VALUES (42, 'Tessie Alba', 1)
INSERT dbo.Customer(id_customer, customer_name, id_city_of_residence) VALUES (43, 'Pandora Lindgren', 3)
INSERT dbo.Customer(id_customer, customer_name, id_city_of_residence) VALUES (44, 'Alva Batten', 1)
INSERT dbo.Customer(id_customer, customer_name, id_city_of_residence) VALUES (45, 'Antonia Langford', 1)
INSERT dbo.Customer(id_customer, customer_name, id_city_of_residence) VALUES (46, 'Darleen Bratcher', 2)
INSERT dbo.Customer(id_customer, customer_name, id_city_of_residence) VALUES (47, 'Stanley Anderson', 1)
INSERT dbo.Customer(id_customer, customer_name, id_city_of_residence) VALUES (48, 'Clarence Abbott', 4)
INSERT dbo.Customer(id_customer, customer_name, id_city_of_residence) VALUES (49, 'Clint Merriman', 5)
INSERT dbo.Customer(id_customer, customer_name, id_city_of_residence) VALUES (50, 'Johnson Carl', 1)
GO
SET IDENTITY_INSERT dbo.Customer OFF
GO

--
-- Inserting data into table dbo.Street
--
SET IDENTITY_INSERT dbo.Street ON
GO
INSERT dbo.Street(id_street, street_name, id_city) VALUES (1, 'SE Chapel Hill Blvd', 4)
INSERT dbo.Street(id_street, street_name, id_city) VALUES (2, 'Old Burwood Blvd', 3)
INSERT dbo.Street(id_street, street_name, id_city) VALUES (3, 'Ironwood Cir', 1)
INSERT dbo.Street(id_street, street_name, id_city) VALUES (4, 'Sharp Hill Loop', 2)
INSERT dbo.Street(id_street, street_name, id_city) VALUES (5, 'Old Burwood Pkwy', 3)
INSERT dbo.Street(id_street, street_name, id_city) VALUES (6, 'SW Deepwood Way', 3)
INSERT dbo.Street(id_street, street_name, id_city) VALUES (7, 'Quailwood Circle', 4)
INSERT dbo.Street(id_street, street_name, id_city) VALUES (8, 'Red Hope Pkwy', 3)
INSERT dbo.Street(id_street, street_name, id_city) VALUES (9, 'New Deepwood Lane', 5)
INSERT dbo.Street(id_street, street_name, id_city) VALUES (10, 'Old Monument Blvd', 2)
INSERT dbo.Street(id_street, street_name, id_city) VALUES (11, 'Ironwood Highway', 4)
INSERT dbo.Street(id_street, street_name, id_city) VALUES (12, 'North Pine Tree Rd', 3)
INSERT dbo.Street(id_street, street_name, id_city) VALUES (13, 'S Mountain Road', 4)
INSERT dbo.Street(id_street, street_name, id_city) VALUES (14, 'Hazelwood Pkwy', 3)
INSERT dbo.Street(id_street, street_name, id_city) VALUES (15, 'New Farmview St', 4)
INSERT dbo.Street(id_street, street_name, id_city) VALUES (16, '2nd Road', 2)
INSERT dbo.Street(id_street, street_name, id_city) VALUES (17, 'East Sharp Hill Loop', 3)
INSERT dbo.Street(id_street, street_name, id_city) VALUES (18, 'Glenwood Lane', 5)
INSERT dbo.Street(id_street, street_name, id_city) VALUES (19, 'Farmview Loop', 4)
INSERT dbo.Street(id_street, street_name, id_city) VALUES (20, 'Cedar Tree Lane', 4)
INSERT dbo.Street(id_street, street_name, id_city) VALUES (21, 'Sharp Hill St', 3)
INSERT dbo.Street(id_street, street_name, id_city) VALUES (22, 'West Front Ave', 4)
INSERT dbo.Street(id_street, street_name, id_city) VALUES (23, 'West Glenwood Dr', 5)
INSERT dbo.Street(id_street, street_name, id_city) VALUES (24, 'Chapel Hill Ave', 1)
INSERT dbo.Street(id_street, street_name, id_city) VALUES (25, 'New Ironwood Rd', 3)
INSERT dbo.Street(id_street, street_name, id_city) VALUES (26, 'Chapel Hill Ln', 5)
INSERT dbo.Street(id_street, street_name, id_city) VALUES (27, 'Rushwood Ct', 4)
INSERT dbo.Street(id_street, street_name, id_city) VALUES (28, 'Hidden Stonewood Lane', 5)
INSERT dbo.Street(id_street, street_name, id_city) VALUES (29, 'Hidden Rushwood Dr', 1)
INSERT dbo.Street(id_street, street_name, id_city) VALUES (30, 'West Glenwood St', 1)
INSERT dbo.Street(id_street, street_name, id_city) VALUES (31, 'N Hazelwood Hwy', 5)
INSERT dbo.Street(id_street, street_name, id_city) VALUES (32, 'NW Rose Hill Drive', 4)
INSERT dbo.Street(id_street, street_name, id_city) VALUES (33, 'Pine Tree Blvd', 3)
INSERT dbo.Street(id_street, street_name, id_city) VALUES (34, 'SW Brentwood Loop', 5)
INSERT dbo.Street(id_street, street_name, id_city) VALUES (35, 'W Quailwood Street', 3)
INSERT dbo.Street(id_street, street_name, id_city) VALUES (36, 'Cedar Tree Blvd', 4)
INSERT dbo.Street(id_street, street_name, id_city) VALUES (37, 'Chapel Hill Dr', 2)
INSERT dbo.Street(id_street, street_name, id_city) VALUES (38, 'Waterview Ct', 5)
INSERT dbo.Street(id_street, street_name, id_city) VALUES (39, 'Old Ski Hill Dr', 1)
INSERT dbo.Street(id_street, street_name, id_city) VALUES (40, 'Flintwood Rd', 3)
INSERT dbo.Street(id_street, street_name, id_city) VALUES (41, 'Mountain Highway', 1)
INSERT dbo.Street(id_street, street_name, id_city) VALUES (42, 'Meadowview Loop', 4)
INSERT dbo.Street(id_street, street_name, id_city) VALUES (43, 'Fox Hill Lane', 2)
INSERT dbo.Street(id_street, street_name, id_city) VALUES (44, 'Hope Parkway', 3)
INSERT dbo.Street(id_street, street_name, id_city) VALUES (45, 'Quailwood Cir', 4)
INSERT dbo.Street(id_street, street_name, id_city) VALUES (46, 'Burwood Rd', 5)
INSERT dbo.Street(id_street, street_name, id_city) VALUES (47, 'North Highland Ave', 3)
INSERT dbo.Street(id_street, street_name, id_city) VALUES (48, 'S Mountain Blvd', 2)
INSERT dbo.Street(id_street, street_name, id_city) VALUES (49, 'Market Lane', 3)
INSERT dbo.Street(id_street, street_name, id_city) VALUES (50, 'SW Chapel Hill St', 3)
GO
SET IDENTITY_INSERT dbo.Street OFF
GO

--
-- Inserting data into table dbo.House
--
SET IDENTITY_INSERT dbo.House ON
GO
INSERT dbo.House(id_house, house_num, num_of_floors, id_street) VALUES (1, 2020, 13, 18)
INSERT dbo.House(id_house, house_num, num_of_floors, id_street) VALUES (2, 3021, 7, 32)
INSERT dbo.House(id_house, house_num, num_of_floors, id_street) VALUES (3, 8971, 10, 37)
INSERT dbo.House(id_house, house_num, num_of_floors, id_street) VALUES (4, 10000, 15, 21)
INSERT dbo.House(id_house, house_num, num_of_floors, id_street) VALUES (5, 54, 9, 3)
INSERT dbo.House(id_house, house_num, num_of_floors, id_street) VALUES (6, 2021, 8, 17)
INSERT dbo.House(id_house, house_num, num_of_floors, id_street) VALUES (7, 1055, 15, 43)
INSERT dbo.House(id_house, house_num, num_of_floors, id_street) VALUES (8, 3022, 13, 7)
INSERT dbo.House(id_house, house_num, num_of_floors, id_street) VALUES (9, 7382, 20, 11)
INSERT dbo.House(id_house, house_num, num_of_floors, id_street) VALUES (10, 6382, 13, 12)
INSERT dbo.House(id_house, house_num, num_of_floors, id_street) VALUES (11, 7383, 15, 21)
INSERT dbo.House(id_house, house_num, num_of_floors, id_street) VALUES (12, 2022, 9, 18)
INSERT dbo.House(id_house, house_num, num_of_floors, id_street) VALUES (13, 3023, 20, 45)
INSERT dbo.House(id_house, house_num, num_of_floors, id_street) VALUES (14, 2023, 2, 9)
INSERT dbo.House(id_house, house_num, num_of_floors, id_street) VALUES (15, 5648, 3, 39)
INSERT dbo.House(id_house, house_num, num_of_floors, id_street) VALUES (16, 4648, 20, 50)
INSERT dbo.House(id_house, house_num, num_of_floors, id_street) VALUES (17, 55, 13, 42)
INSERT dbo.House(id_house, house_num, num_of_floors, id_street) VALUES (18, 3024, 9, 22)
INSERT dbo.House(id_house, house_num, num_of_floors, id_street) VALUES (19, 9969, 9, 41)
INSERT dbo.House(id_house, house_num, num_of_floors, id_street) VALUES (20, 8972, 15, 27)
INSERT dbo.House(id_house, house_num, num_of_floors, id_street) VALUES (21, 9970, 14, 17)
INSERT dbo.House(id_house, house_num, num_of_floors, id_street) VALUES (22, 2024, 18, 14)
INSERT dbo.House(id_house, house_num, num_of_floors, id_street) VALUES (23, 3025, 14, 16)
INSERT dbo.House(id_house, house_num, num_of_floors, id_street) VALUES (24, 6383, 8, 14)
INSERT dbo.House(id_house, house_num, num_of_floors, id_street) VALUES (25, 5649, 9, 24)
INSERT dbo.House(id_house, house_num, num_of_floors, id_street) VALUES (26, 4649, 13, 24)
INSERT dbo.House(id_house, house_num, num_of_floors, id_street) VALUES (27, 5650, 18, 11)
INSERT dbo.House(id_house, house_num, num_of_floors, id_street) VALUES (28, 4650, 15, 46)
INSERT dbo.House(id_house, house_num, num_of_floors, id_street) VALUES (29, 1056, 6, 1)
INSERT dbo.House(id_house, house_num, num_of_floors, id_street) VALUES (30, 2025, 5, 31)
INSERT dbo.House(id_house, house_num, num_of_floors, id_street) VALUES (31, 7384, 16, 33)
INSERT dbo.House(id_house, house_num, num_of_floors, id_street) VALUES (32, 5651, 5, 12)
INSERT dbo.House(id_house, house_num, num_of_floors, id_street) VALUES (33, 56, 10, 9)
INSERT dbo.House(id_house, house_num, num_of_floors, id_street) VALUES (34, 6384, 21, 20)
INSERT dbo.House(id_house, house_num, num_of_floors, id_street) VALUES (35, 3026, 20, 30)
INSERT dbo.House(id_house, house_num, num_of_floors, id_street) VALUES (36, 2026, 21, 8)
INSERT dbo.House(id_house, house_num, num_of_floors, id_street) VALUES (37, 4651, 8, 16)
INSERT dbo.House(id_house, house_num, num_of_floors, id_street) VALUES (38, 8973, 2, 24)
INSERT dbo.House(id_house, house_num, num_of_floors, id_street) VALUES (39, 9971, 17, 7)
INSERT dbo.House(id_house, house_num, num_of_floors, id_street) VALUES (40, 5652, 16, 26)
INSERT dbo.House(id_house, house_num, num_of_floors, id_street) VALUES (41, 8974, 13, 18)
INSERT dbo.House(id_house, house_num, num_of_floors, id_street) VALUES (42, 3027, 1, 38)
INSERT dbo.House(id_house, house_num, num_of_floors, id_street) VALUES (43, 2027, 7, 33)
INSERT dbo.House(id_house, house_num, num_of_floors, id_street) VALUES (44, 7385, 13, 24)
INSERT dbo.House(id_house, house_num, num_of_floors, id_street) VALUES (45, 4652, 20, 36)
INSERT dbo.House(id_house, house_num, num_of_floors, id_street) VALUES (46, 3028, 5, 19)
INSERT dbo.House(id_house, house_num, num_of_floors, id_street) VALUES (47, 1057, 16, 41)
INSERT dbo.House(id_house, house_num, num_of_floors, id_street) VALUES (48, 9972, 2, 20)
INSERT dbo.House(id_house, house_num, num_of_floors, id_street) VALUES (49, 5653, 7, 18)
INSERT dbo.House(id_house, house_num, num_of_floors, id_street) VALUES (50, 2028, 11, 23)
GO
SET IDENTITY_INSERT dbo.House OFF
GO

--
-- Inserting data into table dbo.Contract_
--
SET IDENTITY_INSERT dbo.Contract_ ON
GO
INSERT dbo.Contract_(id_contract, id_realtor, id_owner, id_customer, sale_or_rent, contract_date) VALUES (1, 32, 24, 3, 'Sell', '2000-01-04')
INSERT dbo.Contract_(id_contract, id_realtor, id_owner, id_customer, sale_or_rent, contract_date) VALUES (2, 23, 10, 23, 'Sell', '2006-01-21')
INSERT dbo.Contract_(id_contract, id_realtor, id_owner, id_customer, sale_or_rent, contract_date) VALUES (3, 41, 21, 18, 'Rent', '2000-01-08')
INSERT dbo.Contract_(id_contract, id_realtor, id_owner, id_customer, sale_or_rent, contract_date) VALUES (4, 21, 28, 42, 'Sell', '2004-06-14')
INSERT dbo.Contract_(id_contract, id_realtor, id_owner, id_customer, sale_or_rent, contract_date) VALUES (5, 32, 34, 20, 'Sell', '2016-09-14')
INSERT dbo.Contract_(id_contract, id_realtor, id_owner, id_customer, sale_or_rent, contract_date) VALUES (6, 49, 14, 46, 'Rent', '2013-12-05')
INSERT dbo.Contract_(id_contract, id_realtor, id_owner, id_customer, sale_or_rent, contract_date) VALUES (7, 18, 13, 30, 'Sell', '2002-03-26')
INSERT dbo.Contract_(id_contract, id_realtor, id_owner, id_customer, sale_or_rent, contract_date) VALUES (8, 40, 39, 18, 'Rent', '2002-10-12')
INSERT dbo.Contract_(id_contract, id_realtor, id_owner, id_customer, sale_or_rent, contract_date) VALUES (9, 3, 12, 19, 'Sell', '2008-01-02')
INSERT dbo.Contract_(id_contract, id_realtor, id_owner, id_customer, sale_or_rent, contract_date) VALUES (10, 22, 20, 47, 'Sell', '2015-10-09')
INSERT dbo.Contract_(id_contract, id_realtor, id_owner, id_customer, sale_or_rent, contract_date) VALUES (11, 28, 8, 39, 'Rent', '2001-09-30')
INSERT dbo.Contract_(id_contract, id_realtor, id_owner, id_customer, sale_or_rent, contract_date) VALUES (12, 1, 4, 3, 'Rent', '2009-04-22')
INSERT dbo.Contract_(id_contract, id_realtor, id_owner, id_customer, sale_or_rent, contract_date) VALUES (13, 44, 31, 27, 'Rent', '2009-06-30')
INSERT dbo.Contract_(id_contract, id_realtor, id_owner, id_customer, sale_or_rent, contract_date) VALUES (14, 6, 27, 11, 'Rent', '2000-03-06')
INSERT dbo.Contract_(id_contract, id_realtor, id_owner, id_customer, sale_or_rent, contract_date) VALUES (15, 31, 29, 10, 'Rent', '2001-02-18')
INSERT dbo.Contract_(id_contract, id_realtor, id_owner, id_customer, sale_or_rent, contract_date) VALUES (16, 47, 33, 19, 'Rent', '2000-03-10')
INSERT dbo.Contract_(id_contract, id_realtor, id_owner, id_customer, sale_or_rent, contract_date) VALUES (17, 50, 26, 2, 'Sell', '2000-01-25')
INSERT dbo.Contract_(id_contract, id_realtor, id_owner, id_customer, sale_or_rent, contract_date) VALUES (18, 42, 38, 34, 'Rent', '2019-10-11')
INSERT dbo.Contract_(id_contract, id_realtor, id_owner, id_customer, sale_or_rent, contract_date) VALUES (19, 48, 33, 29, 'Sell', '2000-02-14')
INSERT dbo.Contract_(id_contract, id_realtor, id_owner, id_customer, sale_or_rent, contract_date) VALUES (20, 11, 13, 24, 'Rent', '2009-06-15')
INSERT dbo.Contract_(id_contract, id_realtor, id_owner, id_customer, sale_or_rent, contract_date) VALUES (21, 34, 28, 14, 'Sell', '2019-12-04')
INSERT dbo.Contract_(id_contract, id_realtor, id_owner, id_customer, sale_or_rent, contract_date) VALUES (22, 24, 2, 10, 'Sell', '2000-07-29')
INSERT dbo.Contract_(id_contract, id_realtor, id_owner, id_customer, sale_or_rent, contract_date) VALUES (23, 6, 36, 33, 'Rent', '2017-03-26')
INSERT dbo.Contract_(id_contract, id_realtor, id_owner, id_customer, sale_or_rent, contract_date) VALUES (24, 8, 47, 12, 'Sell', '2018-06-19')
INSERT dbo.Contract_(id_contract, id_realtor, id_owner, id_customer, sale_or_rent, contract_date) VALUES (25, 16, 43, 15, 'Rent', '2018-07-21')
INSERT dbo.Contract_(id_contract, id_realtor, id_owner, id_customer, sale_or_rent, contract_date) VALUES (26, 18, 26, 34, 'Rent', '2002-05-27')
INSERT dbo.Contract_(id_contract, id_realtor, id_owner, id_customer, sale_or_rent, contract_date) VALUES (27, 11, 41, 32, 'Sell', '2005-04-04')
INSERT dbo.Contract_(id_contract, id_realtor, id_owner, id_customer, sale_or_rent, contract_date) VALUES (28, 22, 7, 20, 'Sell', '2007-11-23')
INSERT dbo.Contract_(id_contract, id_realtor, id_owner, id_customer, sale_or_rent, contract_date) VALUES (29, 40, 7, 34, 'Rent', '2018-10-07')
INSERT dbo.Contract_(id_contract, id_realtor, id_owner, id_customer, sale_or_rent, contract_date) VALUES (30, 38, 12, 36, 'Rent', '2002-05-17')
INSERT dbo.Contract_(id_contract, id_realtor, id_owner, id_customer, sale_or_rent, contract_date) VALUES (31, 33, 15, 5, 'Sell', '2016-12-11')
INSERT dbo.Contract_(id_contract, id_realtor, id_owner, id_customer, sale_or_rent, contract_date) VALUES (32, 24, 10, 16, 'Sell', '2009-11-02')
INSERT dbo.Contract_(id_contract, id_realtor, id_owner, id_customer, sale_or_rent, contract_date) VALUES (33, 8, 33, 8, 'Sell', '2000-01-06')
INSERT dbo.Contract_(id_contract, id_realtor, id_owner, id_customer, sale_or_rent, contract_date) VALUES (34, 2, 35, 44, 'Rent', '2012-01-28')
INSERT dbo.Contract_(id_contract, id_realtor, id_owner, id_customer, sale_or_rent, contract_date) VALUES (35, 49, 44, 10, 'Rent', '2013-12-13')
INSERT dbo.Contract_(id_contract, id_realtor, id_owner, id_customer, sale_or_rent, contract_date) VALUES (36, 45, 6, 22, 'Sell', '2001-05-27')
INSERT dbo.Contract_(id_contract, id_realtor, id_owner, id_customer, sale_or_rent, contract_date) VALUES (37, 4, 39, 1, 'Rent', '2007-05-27')
INSERT dbo.Contract_(id_contract, id_realtor, id_owner, id_customer, sale_or_rent, contract_date) VALUES (38, 12, 49, 41, 'Sell', '2001-08-24')
INSERT dbo.Contract_(id_contract, id_realtor, id_owner, id_customer, sale_or_rent, contract_date) VALUES (39, 49, 48, 13, 'Sell', '2019-09-12')
INSERT dbo.Contract_(id_contract, id_realtor, id_owner, id_customer, sale_or_rent, contract_date) VALUES (40, 16, 6, 41, 'Sell', '2010-03-01')
INSERT dbo.Contract_(id_contract, id_realtor, id_owner, id_customer, sale_or_rent, contract_date) VALUES (41, 12, 18, 5, 'Rent', '2000-02-07')
INSERT dbo.Contract_(id_contract, id_realtor, id_owner, id_customer, sale_or_rent, contract_date) VALUES (42, 30, 27, 30, 'Rent', '2000-01-13')
INSERT dbo.Contract_(id_contract, id_realtor, id_owner, id_customer, sale_or_rent, contract_date) VALUES (43, 24, 23, 3, 'Rent', '2018-07-10')
INSERT dbo.Contract_(id_contract, id_realtor, id_owner, id_customer, sale_or_rent, contract_date) VALUES (44, 11, 40, 44, 'Rent', '2000-10-04')
INSERT dbo.Contract_(id_contract, id_realtor, id_owner, id_customer, sale_or_rent, contract_date) VALUES (45, 37, 15, 4, 'Rent', '2004-11-03')
INSERT dbo.Contract_(id_contract, id_realtor, id_owner, id_customer, sale_or_rent, contract_date) VALUES (46, 22, 38, 25, 'Rent', '2000-11-02')
INSERT dbo.Contract_(id_contract, id_realtor, id_owner, id_customer, sale_or_rent, contract_date) VALUES (47, 45, 49, 34, 'Rent', '2015-01-19')
INSERT dbo.Contract_(id_contract, id_realtor, id_owner, id_customer, sale_or_rent, contract_date) VALUES (48, 6, 41, 36, 'Sell', '2001-03-15')
INSERT dbo.Contract_(id_contract, id_realtor, id_owner, id_customer, sale_or_rent, contract_date) VALUES (49, 46, 17, 43, 'Rent', '2005-12-13')
INSERT dbo.Contract_(id_contract, id_realtor, id_owner, id_customer, sale_or_rent, contract_date) VALUES (50, 39, 22, 24, 'Rent', '2000-01-04')
GO
SET IDENTITY_INSERT dbo.Contract_ OFF
GO

--
-- Inserting data into table dbo.Cottage
--
SET IDENTITY_INSERT dbo.Cottage ON
GO
INSERT dbo.Cottage(id_cottage, cottage_number, square_of_cottage, num_of_floors, num_of_rooms, price, id_street, id_owner) VALUES (1, 4961, 163.8, 1, 10, 8921979, 7, 22)
INSERT dbo.Cottage(id_cottage, cottage_number, square_of_cottage, num_of_floors, num_of_rooms, price, id_street, id_owner) VALUES (2, 10000, 74.35, 3, 7, 8683411, 28, 1)
INSERT dbo.Cottage(id_cottage, cottage_number, square_of_cottage, num_of_floors, num_of_rooms, price, id_street, id_owner) VALUES (3, 9502, 113.03, 3, 9, 7630948, 27, 27)
INSERT dbo.Cottage(id_cottage, cottage_number, square_of_cottage, num_of_floors, num_of_rooms, price, id_street, id_owner) VALUES (4, 7981, 130.48, 3, 3, 9154247, 45, 22)
INSERT dbo.Cottage(id_cottage, cottage_number, square_of_cottage, num_of_floors, num_of_rooms, price, id_street, id_owner) VALUES (5, 6981, 248.25, 2, 2, 7175758, 1, 39)
INSERT dbo.Cottage(id_cottage, cottage_number, square_of_cottage, num_of_floors, num_of_rooms, price, id_street, id_owner) VALUES (6, 5962, 95.05, 3, 2, 8133048, 28, 30)
INSERT dbo.Cottage(id_cottage, cottage_number, square_of_cottage, num_of_floors, num_of_rooms, price, id_street, id_owner) VALUES (7, 3493, 120.5, 3, 3, 2518231, 21, 46)
INSERT dbo.Cottage(id_cottage, cottage_number, square_of_cottage, num_of_floors, num_of_rooms, price, id_street, id_owner) VALUES (8, 2493, 163.71, 2, 9, 3064870, 23, 38)
INSERT dbo.Cottage(id_cottage, cottage_number, square_of_cottage, num_of_floors, num_of_rooms, price, id_street, id_owner) VALUES (9, 7982, 237.34, 2, 4, 6886155, 42, 17)
INSERT dbo.Cottage(id_cottage, cottage_number, square_of_cottage, num_of_floors, num_of_rooms, price, id_street, id_owner) VALUES (10, 442, 99.21, 2, 2, 2013447, 11, 46)
INSERT dbo.Cottage(id_cottage, cottage_number, square_of_cottage, num_of_floors, num_of_rooms, price, id_street, id_owner) VALUES (11, 8505, 36.86, 3, 10, 5398584, 4, 48)
INSERT dbo.Cottage(id_cottage, cottage_number, square_of_cottage, num_of_floors, num_of_rooms, price, id_street, id_owner) VALUES (12, 6982, 229.46, 1, 2, 6189332, 37, 16)
INSERT dbo.Cottage(id_cottage, cottage_number, square_of_cottage, num_of_floors, num_of_rooms, price, id_street, id_owner) VALUES (13, 4962, 50.32, 3, 10, 1830526, 8, 3)
INSERT dbo.Cottage(id_cottage, cottage_number, square_of_cottage, num_of_floors, num_of_rooms, price, id_street, id_owner) VALUES (14, 7983, 151.97, 2, 9, 5792182, 21, 10)
INSERT dbo.Cottage(id_cottage, cottage_number, square_of_cottage, num_of_floors, num_of_rooms, price, id_street, id_owner) VALUES (15, 3494, 228.84, 3, 2, 8814482, 42, 43)
INSERT dbo.Cottage(id_cottage, cottage_number, square_of_cottage, num_of_floors, num_of_rooms, price, id_street, id_owner) VALUES (16, 5963, 75.41, 3, 3, 1551721, 3, 47)
INSERT dbo.Cottage(id_cottage, cottage_number, square_of_cottage, num_of_floors, num_of_rooms, price, id_street, id_owner) VALUES (17, 9503, 162.28, 1, 8, 9792955, 5, 23)
INSERT dbo.Cottage(id_cottage, cottage_number, square_of_cottage, num_of_floors, num_of_rooms, price, id_street, id_owner) VALUES (18, 1443, 91.29, 1, 4, 8276722, 24, 8)
INSERT dbo.Cottage(id_cottage, cottage_number, square_of_cottage, num_of_floors, num_of_rooms, price, id_street, id_owner) VALUES (19, 443, 229.65, 2, 9, 2127071, 33, 32)
INSERT dbo.Cottage(id_cottage, cottage_number, square_of_cottage, num_of_floors, num_of_rooms, price, id_street, id_owner) VALUES (20, 1444, 231.78, 2, 2, 7027320, 33, 45)
INSERT dbo.Cottage(id_cottage, cottage_number, square_of_cottage, num_of_floors, num_of_rooms, price, id_street, id_owner) VALUES (21, 8506, 128.95, 2, 2, 5351091, 4, 1)
INSERT dbo.Cottage(id_cottage, cottage_number, square_of_cottage, num_of_floors, num_of_rooms, price, id_street, id_owner) VALUES (22, 2494, 153.07, 2, 6, 7178726, 32, 36)
INSERT dbo.Cottage(id_cottage, cottage_number, square_of_cottage, num_of_floors, num_of_rooms, price, id_street, id_owner) VALUES (23, 4963, 161.54, 1, 10, 6926643, 22, 8)
INSERT dbo.Cottage(id_cottage, cottage_number, square_of_cottage, num_of_floors, num_of_rooms, price, id_street, id_owner) VALUES (24, 5964, 182.46, 3, 4, 3773654, 23, 12)
INSERT dbo.Cottage(id_cottage, cottage_number, square_of_cottage, num_of_floors, num_of_rooms, price, id_street, id_owner) VALUES (25, 6983, 35.03, 1, 9, 1272987, 47, 24)
INSERT dbo.Cottage(id_cottage, cottage_number, square_of_cottage, num_of_floors, num_of_rooms, price, id_street, id_owner) VALUES (26, 9504, 216.86, 1, 2, 5786409, 13, 27)
INSERT dbo.Cottage(id_cottage, cottage_number, square_of_cottage, num_of_floors, num_of_rooms, price, id_street, id_owner) VALUES (27, 444, 201.13, 1, 2, 8509835, 41, 34)
INSERT dbo.Cottage(id_cottage, cottage_number, square_of_cottage, num_of_floors, num_of_rooms, price, id_street, id_owner) VALUES (28, 4964, 124.03, 1, 5, 8827351, 40, 15)
INSERT dbo.Cottage(id_cottage, cottage_number, square_of_cottage, num_of_floors, num_of_rooms, price, id_street, id_owner) VALUES (29, 5965, 131.53, 1, 3, 4065684, 37, 12)
INSERT dbo.Cottage(id_cottage, cottage_number, square_of_cottage, num_of_floors, num_of_rooms, price, id_street, id_owner) VALUES (30, 4965, 108.01, 2, 8, 1963764, 47, 21)
INSERT dbo.Cottage(id_cottage, cottage_number, square_of_cottage, num_of_floors, num_of_rooms, price, id_street, id_owner) VALUES (31, 1445, 101.66, 3, 3, 4817340, 13, 2)
INSERT dbo.Cottage(id_cottage, cottage_number, square_of_cottage, num_of_floors, num_of_rooms, price, id_street, id_owner) VALUES (32, 8507, 53.03, 3, 8, 7316297, 46, 44)
INSERT dbo.Cottage(id_cottage, cottage_number, square_of_cottage, num_of_floors, num_of_rooms, price, id_street, id_owner) VALUES (33, 445, 231.85, 1, 5, 5329006, 19, 17)
INSERT dbo.Cottage(id_cottage, cottage_number, square_of_cottage, num_of_floors, num_of_rooms, price, id_street, id_owner) VALUES (34, 9505, 125.14, 1, 4, 2572704, 28, 9)
INSERT dbo.Cottage(id_cottage, cottage_number, square_of_cottage, num_of_floors, num_of_rooms, price, id_street, id_owner) VALUES (35, 8508, 137.52, 3, 9, 7031780, 19, 7)
INSERT dbo.Cottage(id_cottage, cottage_number, square_of_cottage, num_of_floors, num_of_rooms, price, id_street, id_owner) VALUES (36, 7984, 219.22, 2, 10, 4878149, 19, 34)
INSERT dbo.Cottage(id_cottage, cottage_number, square_of_cottage, num_of_floors, num_of_rooms, price, id_street, id_owner) VALUES (37, 5966, 103.41, 1, 9, 7826057, 4, 44)
INSERT dbo.Cottage(id_cottage, cottage_number, square_of_cottage, num_of_floors, num_of_rooms, price, id_street, id_owner) VALUES (38, 1446, 196.89, 2, 2, 6138115, 20, 40)
INSERT dbo.Cottage(id_cottage, cottage_number, square_of_cottage, num_of_floors, num_of_rooms, price, id_street, id_owner) VALUES (39, 3495, 240.39, 2, 1, 6568366, 43, 6)
INSERT dbo.Cottage(id_cottage, cottage_number, square_of_cottage, num_of_floors, num_of_rooms, price, id_street, id_owner) VALUES (40, 446, 65.71, 3, 9, 862975, 1, 34)
INSERT dbo.Cottage(id_cottage, cottage_number, square_of_cottage, num_of_floors, num_of_rooms, price, id_street, id_owner) VALUES (41, 9506, 245.4, 3, 7, 2198756, 20, 25)
INSERT dbo.Cottage(id_cottage, cottage_number, square_of_cottage, num_of_floors, num_of_rooms, price, id_street, id_owner) VALUES (42, 6984, 31.87, 1, 8, 3186876, 17, 14)
INSERT dbo.Cottage(id_cottage, cottage_number, square_of_cottage, num_of_floors, num_of_rooms, price, id_street, id_owner) VALUES (43, 7985, 94.83, 3, 6, 5360756, 12, 9)
INSERT dbo.Cottage(id_cottage, cottage_number, square_of_cottage, num_of_floors, num_of_rooms, price, id_street, id_owner) VALUES (44, 8509, 161.61, 2, 9, 3050585, 15, 50)
INSERT dbo.Cottage(id_cottage, cottage_number, square_of_cottage, num_of_floors, num_of_rooms, price, id_street, id_owner) VALUES (45, 2495, 181.17, 1, 10, 6192722, 4, 3)
INSERT dbo.Cottage(id_cottage, cottage_number, square_of_cottage, num_of_floors, num_of_rooms, price, id_street, id_owner) VALUES (46, 3496, 15.84, 3, 7, 7059647, 47, 35)
INSERT dbo.Cottage(id_cottage, cottage_number, square_of_cottage, num_of_floors, num_of_rooms, price, id_street, id_owner) VALUES (47, 6985, 244.96, 1, 5, 7617522, 8, 47)
INSERT dbo.Cottage(id_cottage, cottage_number, square_of_cottage, num_of_floors, num_of_rooms, price, id_street, id_owner) VALUES (48, 2496, 37.98, 2, 10, 2652045, 48, 47)
INSERT dbo.Cottage(id_cottage, cottage_number, square_of_cottage, num_of_floors, num_of_rooms, price, id_street, id_owner) VALUES (49, 1447, 17.22, 3, 5, 2545446, 2, 8)
INSERT dbo.Cottage(id_cottage, cottage_number, square_of_cottage, num_of_floors, num_of_rooms, price, id_street, id_owner) VALUES (50, 4966, 116.86, 3, 3, 3071591, 17, 25)
GO
SET IDENTITY_INSERT dbo.Cottage OFF
GO

--
-- Inserting data into table dbo.Flat
--
SET IDENTITY_INSERT dbo.Flat ON
GO
INSERT dbo.Flat(id_flat, flat_number, floor_number, square_of_flat, num_of_rooms, price, id_owner, id_house) VALUES (1, 247, 3, 234.14, 3, 755543, 18, 35)
INSERT dbo.Flat(id_flat, flat_number, floor_number, square_of_flat, num_of_rooms, price, id_owner, id_house) VALUES (2, 1, 7, 99.72, 3, 5688587, 1, 22)
INSERT dbo.Flat(id_flat, flat_number, floor_number, square_of_flat, num_of_rooms, price, id_owner, id_house) VALUES (3, 131, 4, 60.59, 5, 9640563, 46, 43)
INSERT dbo.Flat(id_flat, flat_number, floor_number, square_of_flat, num_of_rooms, price, id_owner, id_house) VALUES (4, 52, 2, 248.46, 5, 930443, 11, 6)
INSERT dbo.Flat(id_flat, flat_number, floor_number, square_of_flat, num_of_rooms, price, id_owner, id_house) VALUES (5, 500, 5, 231.8, 3, 3692357, 37, 2)
INSERT dbo.Flat(id_flat, flat_number, floor_number, square_of_flat, num_of_rooms, price, id_owner, id_house) VALUES (6, 498, 17, 74.46, 5, 5168593, 6, 48)
INSERT dbo.Flat(id_flat, flat_number, floor_number, square_of_flat, num_of_rooms, price, id_owner, id_house) VALUES (7, 2, 4, 124.17, 2, 816223, 20, 15)
INSERT dbo.Flat(id_flat, flat_number, floor_number, square_of_flat, num_of_rooms, price, id_owner, id_house) VALUES (8, 363, 10, 200.17, 1, 6965055, 20, 15)
INSERT dbo.Flat(id_flat, flat_number, floor_number, square_of_flat, num_of_rooms, price, id_owner, id_house) VALUES (9, 313, 17, 139.17, 3, 8928193, 22, 1)
INSERT dbo.Flat(id_flat, flat_number, floor_number, square_of_flat, num_of_rooms, price, id_owner, id_house) VALUES (10, 298, 20, 194.45, 4, 1710312, 32, 41)
INSERT dbo.Flat(id_flat, flat_number, floor_number, square_of_flat, num_of_rooms, price, id_owner, id_house) VALUES (11, 364, 21, 212.61, 1, 3919081, 10, 25)
INSERT dbo.Flat(id_flat, flat_number, floor_number, square_of_flat, num_of_rooms, price, id_owner, id_house) VALUES (12, 451, 13, 59.7, 5, 3267680, 16, 25)
INSERT dbo.Flat(id_flat, flat_number, floor_number, square_of_flat, num_of_rooms, price, id_owner, id_house) VALUES (13, 499, 16, 75.4, 1, 3933181, 6, 5)
INSERT dbo.Flat(id_flat, flat_number, floor_number, square_of_flat, num_of_rooms, price, id_owner, id_house) VALUES (14, 314, 8, 138.94, 2, 9831468, 35, 2)
INSERT dbo.Flat(id_flat, flat_number, floor_number, square_of_flat, num_of_rooms, price, id_owner, id_house) VALUES (15, 365, 5, 83.92, 3, 870886, 17, 42)
INSERT dbo.Flat(id_flat, flat_number, floor_number, square_of_flat, num_of_rooms, price, id_owner, id_house) VALUES (16, 452, 22, 226.92, 5, 551025, 13, 23)
INSERT dbo.Flat(id_flat, flat_number, floor_number, square_of_flat, num_of_rooms, price, id_owner, id_house) VALUES (17, 182, 20, 46.86, 4, 2070751, 43, 39)
INSERT dbo.Flat(id_flat, flat_number, floor_number, square_of_flat, num_of_rooms, price, id_owner, id_house) VALUES (18, 405, 4, 206.67, 4, 3071841, 8, 2)
INSERT dbo.Flat(id_flat, flat_number, floor_number, square_of_flat, num_of_rooms, price, id_owner, id_house) VALUES (19, 315, 19, 202.56, 5, 3483906, 28, 25)
INSERT dbo.Flat(id_flat, flat_number, floor_number, square_of_flat, num_of_rooms, price, id_owner, id_house) VALUES (20, 453, 18, 25.14, 1, 1441183, 34, 29)
INSERT dbo.Flat(id_flat, flat_number, floor_number, square_of_flat, num_of_rooms, price, id_owner, id_house) VALUES (21, 53, 4, 81.25, 1, 1694425, 26, 42)
INSERT dbo.Flat(id_flat, flat_number, floor_number, square_of_flat, num_of_rooms, price, id_owner, id_house) VALUES (22, 3, 12, 204.5, 5, 9435335, 45, 13)
INSERT dbo.Flat(id_flat, flat_number, floor_number, square_of_flat, num_of_rooms, price, id_owner, id_house) VALUES (23, 248, 1, 13.95, 2, 7874888, 15, 38)
INSERT dbo.Flat(id_flat, flat_number, floor_number, square_of_flat, num_of_rooms, price, id_owner, id_house) VALUES (24, 132, 17, 30.59, 4, 1259511, 45, 8)
INSERT dbo.Flat(id_flat, flat_number, floor_number, square_of_flat, num_of_rooms, price, id_owner, id_house) VALUES (25, 299, 19, 64.22, 5, 4240417, 10, 22)
INSERT dbo.Flat(id_flat, flat_number, floor_number, square_of_flat, num_of_rooms, price, id_owner, id_house) VALUES (26, 54, 6, 80.98, 5, 9553532, 44, 45)
INSERT dbo.Flat(id_flat, flat_number, floor_number, square_of_flat, num_of_rooms, price, id_owner, id_house) VALUES (27, 183, 14, 61.16, 1, 3348169, 6, 45)
INSERT dbo.Flat(id_flat, flat_number, floor_number, square_of_flat, num_of_rooms, price, id_owner, id_house) VALUES (28, 249, 8, 74.8, 3, 3772808, 34, 45)
INSERT dbo.Flat(id_flat, flat_number, floor_number, square_of_flat, num_of_rooms, price, id_owner, id_house) VALUES (29, 300, 13, 66.94, 4, 9864360, 28, 37)
INSERT dbo.Flat(id_flat, flat_number, floor_number, square_of_flat, num_of_rooms, price, id_owner, id_house) VALUES (30, 133, 22, 118.95, 3, 7725123, 25, 46)
INSERT dbo.Flat(id_flat, flat_number, floor_number, square_of_flat, num_of_rooms, price, id_owner, id_house) VALUES (31, 4, 16, 39.64, 4, 7812435, 20, 42)
INSERT dbo.Flat(id_flat, flat_number, floor_number, square_of_flat, num_of_rooms, price, id_owner, id_house) VALUES (32, 184, 16, 145.48, 3, 3413897, 11, 39)
INSERT dbo.Flat(id_flat, flat_number, floor_number, square_of_flat, num_of_rooms, price, id_owner, id_house) VALUES (33, 406, 15, 250, 1, 1632894, 8, 9)
INSERT dbo.Flat(id_flat, flat_number, floor_number, square_of_flat, num_of_rooms, price, id_owner, id_house) VALUES (34, 55, 14, 130.12, 3, 7161075, 8, 39)
INSERT dbo.Flat(id_flat, flat_number, floor_number, square_of_flat, num_of_rooms, price, id_owner, id_house) VALUES (35, 366, 15, 146.12, 5, 8251510, 26, 26)
INSERT dbo.Flat(id_flat, flat_number, floor_number, square_of_flat, num_of_rooms, price, id_owner, id_house) VALUES (36, 316, 21, 140.46, 5, 4059226, 28, 39)
INSERT dbo.Flat(id_flat, flat_number, floor_number, square_of_flat, num_of_rooms, price, id_owner, id_house) VALUES (37, 454, 8, 185.4, 2, 9334676, 5, 49)
INSERT dbo.Flat(id_flat, flat_number, floor_number, square_of_flat, num_of_rooms, price, id_owner, id_house) VALUES (38, 250, 8, 36.49, 2, 7242353, 20, 40)
INSERT dbo.Flat(id_flat, flat_number, floor_number, square_of_flat, num_of_rooms, price, id_owner, id_house) VALUES (39, 301, 5, 115.68, 5, 4931497, 18, 46)
INSERT dbo.Flat(id_flat, flat_number, floor_number, square_of_flat, num_of_rooms, price, id_owner, id_house) VALUES (40, 5, 1, 26.44, 3, 1991016, 6, 42)
INSERT dbo.Flat(id_flat, flat_number, floor_number, square_of_flat, num_of_rooms, price, id_owner, id_house) VALUES (41, 134, 6, 111.63, 5, 4780909, 4, 49)
INSERT dbo.Flat(id_flat, flat_number, floor_number, square_of_flat, num_of_rooms, price, id_owner, id_house) VALUES (42, 407, 16, 199.56, 1, 8722235, 26, 41)
INSERT dbo.Flat(id_flat, flat_number, floor_number, square_of_flat, num_of_rooms, price, id_owner, id_house) VALUES (43, 455, 19, 69.22, 4, 5735341, 42, 36)
INSERT dbo.Flat(id_flat, flat_number, floor_number, square_of_flat, num_of_rooms, price, id_owner, id_house) VALUES (44, 367, 13, 238.71, 2, 7206047, 33, 24)
INSERT dbo.Flat(id_flat, flat_number, floor_number, square_of_flat, num_of_rooms, price, id_owner, id_house) VALUES (45, 251, 13, 174.13, 3, 8135672, 7, 34)
INSERT dbo.Flat(id_flat, flat_number, floor_number, square_of_flat, num_of_rooms, price, id_owner, id_house) VALUES (46, 56, 21, 119.77, 1, 4934146, 18, 16)
INSERT dbo.Flat(id_flat, flat_number, floor_number, square_of_flat, num_of_rooms, price, id_owner, id_house) VALUES (47, 317, 16, 24.37, 2, 2950233, 5, 15)
INSERT dbo.Flat(id_flat, flat_number, floor_number, square_of_flat, num_of_rooms, price, id_owner, id_house) VALUES (48, 368, 18, 193.67, 2, 6697991, 34, 5)
INSERT dbo.Flat(id_flat, flat_number, floor_number, square_of_flat, num_of_rooms, price, id_owner, id_house) VALUES (49, 408, 18, 22.75, 1, 6678876, 12, 36)
INSERT dbo.Flat(id_flat, flat_number, floor_number, square_of_flat, num_of_rooms, price, id_owner, id_house) VALUES (50, 185, 3, 23.43, 2, 4654134, 49, 16)
GO
SET IDENTITY_INSERT dbo.Flat OFF
GO

--
-- Inserting data into table dbo.Cottage_contract
--
INSERT dbo.Cottage_contract(id_contract, id_cottage) VALUES (13, 33)
INSERT dbo.Cottage_contract(id_contract, id_cottage) VALUES (29, 37)
INSERT dbo.Cottage_contract(id_contract, id_cottage) VALUES (32, 41)
INSERT dbo.Cottage_contract(id_contract, id_cottage) VALUES (48, 39)
INSERT dbo.Cottage_contract(id_contract, id_cottage) VALUES (12, 38)
INSERT dbo.Cottage_contract(id_contract, id_cottage) VALUES (33, 33)
INSERT dbo.Cottage_contract(id_contract, id_cottage) VALUES (4, 4)
INSERT dbo.Cottage_contract(id_contract, id_cottage) VALUES (4, 15)
INSERT dbo.Cottage_contract(id_contract, id_cottage) VALUES (19, 42)
INSERT dbo.Cottage_contract(id_contract, id_cottage) VALUES (1, 41)
INSERT dbo.Cottage_contract(id_contract, id_cottage) VALUES (48, 31)
INSERT dbo.Cottage_contract(id_contract, id_cottage) VALUES (46, 23)
INSERT dbo.Cottage_contract(id_contract, id_cottage) VALUES (47, 6)
INSERT dbo.Cottage_contract(id_contract, id_cottage) VALUES (26, 29)
INSERT dbo.Cottage_contract(id_contract, id_cottage) VALUES (10, 22)
INSERT dbo.Cottage_contract(id_contract, id_cottage) VALUES (39, 17)
INSERT dbo.Cottage_contract(id_contract, id_cottage) VALUES (19, 49)
INSERT dbo.Cottage_contract(id_contract, id_cottage) VALUES (24, 16)
INSERT dbo.Cottage_contract(id_contract, id_cottage) VALUES (11, 25)
INSERT dbo.Cottage_contract(id_contract, id_cottage) VALUES (42, 47)
INSERT dbo.Cottage_contract(id_contract, id_cottage) VALUES (1, 1)
INSERT dbo.Cottage_contract(id_contract, id_cottage) VALUES (23, 7)
INSERT dbo.Cottage_contract(id_contract, id_cottage) VALUES (25, 32)
INSERT dbo.Cottage_contract(id_contract, id_cottage) VALUES (24, 21)
INSERT dbo.Cottage_contract(id_contract, id_cottage) VALUES (32, 45)
INSERT dbo.Cottage_contract(id_contract, id_cottage) VALUES (7, 30)
INSERT dbo.Cottage_contract(id_contract, id_cottage) VALUES (34, 49)
INSERT dbo.Cottage_contract(id_contract, id_cottage) VALUES (24, 31)
INSERT dbo.Cottage_contract(id_contract, id_cottage) VALUES (25, 32)
INSERT dbo.Cottage_contract(id_contract, id_cottage) VALUES (2, 37)
INSERT dbo.Cottage_contract(id_contract, id_cottage) VALUES (16, 32)
INSERT dbo.Cottage_contract(id_contract, id_cottage) VALUES (25, 19)
INSERT dbo.Cottage_contract(id_contract, id_cottage) VALUES (25, 38)
INSERT dbo.Cottage_contract(id_contract, id_cottage) VALUES (24, 31)
INSERT dbo.Cottage_contract(id_contract, id_cottage) VALUES (28, 25)
INSERT dbo.Cottage_contract(id_contract, id_cottage) VALUES (24, 42)
INSERT dbo.Cottage_contract(id_contract, id_cottage) VALUES (11, 4)
INSERT dbo.Cottage_contract(id_contract, id_cottage) VALUES (23, 37)
INSERT dbo.Cottage_contract(id_contract, id_cottage) VALUES (39, 24)
INSERT dbo.Cottage_contract(id_contract, id_cottage) VALUES (27, 43)
INSERT dbo.Cottage_contract(id_contract, id_cottage) VALUES (43, 44)
INSERT dbo.Cottage_contract(id_contract, id_cottage) VALUES (49, 44)
INSERT dbo.Cottage_contract(id_contract, id_cottage) VALUES (14, 25)
INSERT dbo.Cottage_contract(id_contract, id_cottage) VALUES (7, 50)
INSERT dbo.Cottage_contract(id_contract, id_cottage) VALUES (10, 50)
INSERT dbo.Cottage_contract(id_contract, id_cottage) VALUES (13, 30)
INSERT dbo.Cottage_contract(id_contract, id_cottage) VALUES (20, 8)
INSERT dbo.Cottage_contract(id_contract, id_cottage) VALUES (26, 37)
INSERT dbo.Cottage_contract(id_contract, id_cottage) VALUES (37, 29)
INSERT dbo.Cottage_contract(id_contract, id_cottage) VALUES (6, 24)
GO

--
-- Inserting data into table dbo.Flat_contract
--
INSERT dbo.Flat_contract(id_contract, id_flat) VALUES (33, 44)
INSERT dbo.Flat_contract(id_contract, id_flat) VALUES (18, 29)
INSERT dbo.Flat_contract(id_contract, id_flat) VALUES (40, 4)
INSERT dbo.Flat_contract(id_contract, id_flat) VALUES (15, 8)
INSERT dbo.Flat_contract(id_contract, id_flat) VALUES (28, 23)
INSERT dbo.Flat_contract(id_contract, id_flat) VALUES (6, 10)
INSERT dbo.Flat_contract(id_contract, id_flat) VALUES (39, 44)
INSERT dbo.Flat_contract(id_contract, id_flat) VALUES (27, 6)
INSERT dbo.Flat_contract(id_contract, id_flat) VALUES (49, 42)
INSERT dbo.Flat_contract(id_contract, id_flat) VALUES (37, 16)
INSERT dbo.Flat_contract(id_contract, id_flat) VALUES (20, 27)
INSERT dbo.Flat_contract(id_contract, id_flat) VALUES (3, 6)
INSERT dbo.Flat_contract(id_contract, id_flat) VALUES (7, 38)
INSERT dbo.Flat_contract(id_contract, id_flat) VALUES (38, 29)
INSERT dbo.Flat_contract(id_contract, id_flat) VALUES (41, 5)
INSERT dbo.Flat_contract(id_contract, id_flat) VALUES (13, 43)
INSERT dbo.Flat_contract(id_contract, id_flat) VALUES (15, 40)
INSERT dbo.Flat_contract(id_contract, id_flat) VALUES (24, 4)
INSERT dbo.Flat_contract(id_contract, id_flat) VALUES (28, 42)
INSERT dbo.Flat_contract(id_contract, id_flat) VALUES (18, 43)
INSERT dbo.Flat_contract(id_contract, id_flat) VALUES (6, 5)
INSERT dbo.Flat_contract(id_contract, id_flat) VALUES (16, 14)
INSERT dbo.Flat_contract(id_contract, id_flat) VALUES (31, 1)
INSERT dbo.Flat_contract(id_contract, id_flat) VALUES (20, 1)
INSERT dbo.Flat_contract(id_contract, id_flat) VALUES (29, 37)
INSERT dbo.Flat_contract(id_contract, id_flat) VALUES (47, 33)
INSERT dbo.Flat_contract(id_contract, id_flat) VALUES (17, 46)
INSERT dbo.Flat_contract(id_contract, id_flat) VALUES (42, 19)
INSERT dbo.Flat_contract(id_contract, id_flat) VALUES (1, 4)
INSERT dbo.Flat_contract(id_contract, id_flat) VALUES (37, 23)
INSERT dbo.Flat_contract(id_contract, id_flat) VALUES (19, 37)
INSERT dbo.Flat_contract(id_contract, id_flat) VALUES (6, 12)
INSERT dbo.Flat_contract(id_contract, id_flat) VALUES (27, 50)
INSERT dbo.Flat_contract(id_contract, id_flat) VALUES (36, 19)
INSERT dbo.Flat_contract(id_contract, id_flat) VALUES (21, 36)
INSERT dbo.Flat_contract(id_contract, id_flat) VALUES (46, 35)
INSERT dbo.Flat_contract(id_contract, id_flat) VALUES (21, 35)
INSERT dbo.Flat_contract(id_contract, id_flat) VALUES (35, 6)
INSERT dbo.Flat_contract(id_contract, id_flat) VALUES (40, 1)
INSERT dbo.Flat_contract(id_contract, id_flat) VALUES (1, 16)
INSERT dbo.Flat_contract(id_contract, id_flat) VALUES (24, 31)
INSERT dbo.Flat_contract(id_contract, id_flat) VALUES (17, 2)
INSERT dbo.Flat_contract(id_contract, id_flat) VALUES (36, 4)
INSERT dbo.Flat_contract(id_contract, id_flat) VALUES (25, 10)
INSERT dbo.Flat_contract(id_contract, id_flat) VALUES (11, 43)
INSERT dbo.Flat_contract(id_contract, id_flat) VALUES (35, 5)
INSERT dbo.Flat_contract(id_contract, id_flat) VALUES (44, 47)
INSERT dbo.Flat_contract(id_contract, id_flat) VALUES (50, 49)
INSERT dbo.Flat_contract(id_contract, id_flat) VALUES (43, 37)
INSERT dbo.Flat_contract(id_contract, id_flat) VALUES (36, 35)
GO

--
-- Set NOEXEC to off
--

SET NOEXEC OFF
GO